SheepId,SheepName,X,Y,Z
1,Sheep,-8.06,-3.024353,9.144302
2,Sheep,-9,-3.024353,10
3,Sheep,-7,-3.024353,9
4,Sheep,-6,-3.024353,8
